[
  {
    "id": "d35e8283-121b-451f-aab6-b71562c275a5",
    "data": [
      {
        "text": "i would like to know more about the restaurant",
        "userDefined": false
      }
    ],
    "isTemplate": false,
    "count": 0,
    "lang": "en",
    "updated": 0
  },
  {
    "id": "86926abe-f003-4d27-ada3-1fb68650f6f9",
    "data": [
      {
        "text": "what was the inspiration behind the restaurant?",
        "userDefined": false
      }
    ],
    "isTemplate": false,
    "count": 0,
    "lang": "en",
    "updated": 0
  },
  {
    "id": "d6179c23-3ffe-4caf-89c7-48b4e240a938",
    "data": [
      {
        "text": "i am new to ce la vi",
        "userDefined": false
      }
    ],
    "isTemplate": false,
    "count": 1,
    "lang": "en",
    "updated": 0
  },
  {
    "id": "0c33f76d-fc0e-4cab-8dad-42bc694aedcd",
    "data": [
      {
        "text": "what does the restaurant do?",
        "userDefined": false
      }
    ],
    "isTemplate": false,
    "count": 0,
    "lang": "en",
    "updated": 0
  },
  {
    "id": "2a7fd7c3-5f4d-400b-8c34-5d7fc52d28ff",
    "data": [
      {
        "text": "what is the background of the restaurant?",
        "userDefined": false
      }
    ],
    "isTemplate": false,
    "count": 0,
    "lang": "en",
    "updated": 0
  },
  {
    "id": "e72e338b-2b4f-433d-8b1e-dd7a8f7ab2c4",
    "data": [
      {
        "text": "what is the restaurant history?",
        "userDefined": false
      }
    ],
    "isTemplate": false,
    "count": 0,
    "lang": "en",
    "updated": 0
  },
  {
    "id": "71f96521-04c1-49ab-a9b2-b379a662792c",
    "data": [
      {
        "text": "abous us",
        "userDefined": false
      }
    ],
    "isTemplate": false,
    "count": 0,
    "lang": "en",
    "updated": 0
  },
  {
    "id": "d2ecdc72-005e-4618-b940-d37b5ea7cd2a",
    "data": [
      {
        "text": "tell me more about the restaurant?",
        "userDefined": false
      }
    ],
    "isTemplate": false,
    "count": 0,
    "lang": "en",
    "updated": 0
  }
]