[
  {
    "id": "7d4eaa1d-2717-47fe-98ad-ba1fd932b015",
    "data": [
      {
        "text": "restaurant address",
        "userDefined": false
      }
    ],
    "isTemplate": false,
    "count": 0,
    "lang": "en",
    "updated": 0
  },
  {
    "id": "aa7ad577-b1e5-4545-a912-be5b80a55bdb",
    "data": [
      {
        "text": "location",
        "userDefined": false
      }
    ],
    "isTemplate": false,
    "count": 0,
    "lang": "en",
    "updated": 0
  },
  {
    "id": "6d6f697c-597d-40b7-ae4a-489ce5e0a5b9",
    "data": [
      {
        "text": "where is the restaurant?",
        "userDefined": false
      }
    ],
    "isTemplate": false,
    "count": 0,
    "lang": "en",
    "updated": 0
  },
  {
    "id": "66efc812-86dc-4ce5-9f5b-10a13f5ad719",
    "data": [
      {
        "text": "where is the restaurant located at?",
        "userDefined": false
      }
    ],
    "isTemplate": false,
    "count": 0,
    "lang": "en",
    "updated": 0
  },
  {
    "id": "4d8cf2f8-80b1-45df-b899-ea2319ca6bbc",
    "data": [
      {
        "text": "Restaurant Address please",
        "userDefined": false
      }
    ],
    "isTemplate": false,
    "count": 0,
    "lang": "en",
    "updated": 0
  },
  {
    "id": "1af542c7-5818-4d4a-813e-538c9932b6dc",
    "data": [
      {
        "text": "Can i have the address?",
        "userDefined": false
      }
    ],
    "isTemplate": false,
    "count": 0,
    "lang": "en",
    "updated": 0
  },
  {
    "id": "d3604ae3-ee9e-473d-be34-bebf9c27c7d3",
    "data": [
      {
        "text": "location of restaurant",
        "userDefined": false
      }
    ],
    "isTemplate": false,
    "count": 0,
    "lang": "en",
    "updated": 0
  }
]