[
  {
    "id": "265d3512-d924-469e-bc7b-fce8208442cc",
    "data": [
      {
        "text": "contact us",
        "userDefined": false
      }
    ],
    "isTemplate": false,
    "count": 0,
    "lang": "en",
    "updated": 0
  },
  {
    "id": "03b05345-78c8-49c4-b05f-704cbf0ab86b",
    "data": [
      {
        "text": "where do i find you?",
        "userDefined": false
      }
    ],
    "isTemplate": false,
    "count": 0,
    "lang": "en",
    "updated": 0
  },
  {
    "id": "f3c0cf99-9000-4797-92e4-05ca9500b4d9",
    "data": [
      {
        "text": "where can i contact you?",
        "userDefined": false
      }
    ],
    "isTemplate": false,
    "count": 1,
    "lang": "en",
    "updated": 0
  },
  {
    "id": "ef6f992b-7f95-461e-88a3-a0cff3475448",
    "data": [
      {
        "text": "is there someone i can speak to?",
        "userDefined": false
      }
    ],
    "isTemplate": false,
    "count": 0,
    "lang": "en",
    "updated": 0
  },
  {
    "id": "c8f9986a-b40e-402d-9e00-6f56a5c6e737",
    "data": [
      {
        "text": "how do i contact you?",
        "userDefined": false
      }
    ],
    "isTemplate": false,
    "count": 0,
    "lang": "en",
    "updated": 0
  }
]