[
  {
    "id": "46c4c997-6f0d-4a5e-a8c7-32e5fd93f12a",
    "data": [
      {
        "text": "get event tickets",
        "userDefined": false
      }
    ],
    "isTemplate": false,
    "count": 0,
    "lang": "en",
    "updated": 0
  },
  {
    "id": "3d338b19-26f5-4f97-9d7f-a37058894359",
    "data": [
      {
        "text": "ce la vi events",
        "userDefined": false
      }
    ],
    "isTemplate": false,
    "count": 0,
    "lang": "en",
    "updated": 0
  },
  {
    "id": "0f60bba6-42f1-447d-9293-ae71a8ac805f",
    "data": [
      {
        "text": "celebrations",
        "userDefined": false
      }
    ],
    "isTemplate": false,
    "count": 0,
    "lang": "en",
    "updated": 0
  },
  {
    "id": "ce85691d-9567-4947-83ec-8eb8454111e8",
    "data": [
      {
        "text": "i would like to attend an event at the restaurant",
        "userDefined": false
      }
    ],
    "isTemplate": false,
    "count": 0,
    "lang": "en",
    "updated": 0
  },
  {
    "id": "77841712-9795-4464-bcd4-da9293c6f840",
    "data": [
      {
        "text": "is there any celebrations",
        "userDefined": false
      }
    ],
    "isTemplate": false,
    "count": 0,
    "lang": "en",
    "updated": 0
  },
  {
    "id": "455d9572-ec2e-4efa-9b13-845b46ae956c",
    "data": [
      {
        "text": "what are the events",
        "userDefined": false
      }
    ],
    "isTemplate": false,
    "count": 0,
    "lang": "en",
    "updated": 0
  },
  {
    "id": "6d5dc0c5-0199-4f4c-9c2b-f1eb42ad3220",
    "data": [
      {
        "text": "are there any upcoming events",
        "userDefined": false
      }
    ],
    "isTemplate": false,
    "count": 0,
    "lang": "en",
    "updated": 0
  },
  {
    "id": "d360e82c-e326-4ae0-ad80-e8165ca324d3",
    "data": [
      {
        "text": "events",
        "userDefined": false
      }
    ],
    "isTemplate": false,
    "count": 0,
    "lang": "en",
    "updated": 0
  }
]