[
  {
    "id": "be9fa4e4-8e33-4032-b518-0158e5ff1e98",
    "data": [
      {
        "text": "skyview bar",
        "userDefined": false
      }
    ],
    "isTemplate": false,
    "count": 0,
    "lang": "en",
    "updated": 0
  },
  {
    "id": "8a790883-db4c-4be0-8bac-c0eaf68a24ce",
    "data": [
      {
        "text": "may i see the skybar?",
        "userDefined": false
      }
    ],
    "isTemplate": false,
    "count": 0,
    "lang": "en",
    "updated": 0
  },
  {
    "id": "51e1f7a2-8d76-4bcb-9357-2fa4fbaeda9b",
    "data": [
      {
        "text": "is there a skybar?",
        "userDefined": false
      }
    ],
    "isTemplate": false,
    "count": 0,
    "lang": "en",
    "updated": 0
  },
  {
    "id": "36965a6b-a079-4695-9884-22c2ae6d65f7",
    "data": [
      {
        "text": "what can i do at the skybar",
        "userDefined": false
      }
    ],
    "isTemplate": false,
    "count": 0,
    "lang": "en",
    "updated": 0
  },
  {
    "id": "4419f242-d6fd-4726-b652-9b9cc1f496b7",
    "data": [
      {
        "text": "skybar",
        "userDefined": false
      }
    ],
    "isTemplate": false,
    "count": 0,
    "lang": "en",
    "updated": 0
  }
]