[
  {
    "id": "9b337a24-9052-4a7c-9fa3-d50464284c0b",
    "data": [
      {
        "text": "skybar",
        "meta": "@sys.place-attraction",
        "alias": "place-attraction",
        "userDefined": true
      }
    ],
    "isTemplate": false,
    "count": 0,
    "lang": "en",
    "updated": 0
  },
  {
    "id": "e9a4d55c-d182-4023-b5f5-4a478021bd4d",
    "data": [
      {
        "text": "bar area",
        "meta": "@sys.place-attraction",
        "alias": "place-attraction",
        "userDefined": true
      }
    ],
    "isTemplate": false,
    "count": 0,
    "lang": "en",
    "updated": 0
  },
  {
    "id": "492f9d80-f9d7-4b5a-8d70-265caab82da2",
    "data": [
      {
        "text": "club lounge",
        "meta": "@sys.place-attraction",
        "alias": "place-attraction",
        "userDefined": true
      }
    ],
    "isTemplate": false,
    "count": 1,
    "lang": "en",
    "updated": 0
  },
  {
    "id": "8f7a51ae-d147-48da-87a8-f22542fa4013",
    "data": [
      {
        "text": "is there anything else i can do at ce la vi?",
        "userDefined": false
      }
    ],
    "isTemplate": false,
    "count": 0,
    "lang": "en",
    "updated": 0
  },
  {
    "id": "c6dc02dc-6019-45d4-8210-762afa435feb",
    "data": [
      {
        "text": "what can i do at ce la vi?",
        "userDefined": false
      }
    ],
    "isTemplate": false,
    "count": 0,
    "lang": "en",
    "updated": 0
  },
  {
    "id": "89c45369-fed4-4ebd-af5d-b342087e51bf",
    "data": [
      {
        "text": "spaces",
        "userDefined": false
      }
    ],
    "isTemplate": false,
    "count": 0,
    "lang": "en",
    "updated": 0
  },
  {
    "id": "9ba48c70-e53f-477c-9a7b-9de9d7d04d6e",
    "data": [
      {
        "text": "anywhere",
        "meta": "@sys.place-attraction",
        "alias": "place-attraction",
        "userDefined": true
      },
      {
        "text": " else i go beside the restaurant?",
        "userDefined": false
      }
    ],
    "isTemplate": false,
    "count": 0,
    "lang": "en",
    "updated": 0
  },
  {
    "id": "1fbbadf6-894d-4199-97fc-a3a715acaa44",
    "data": [
      {
        "text": "areas",
        "meta": "@sys.place-attraction",
        "alias": "place-attraction",
        "userDefined": true
      },
      {
        "text": " in ce la vi",
        "userDefined": false
      }
    ],
    "isTemplate": false,
    "count": 0,
    "lang": "en",
    "updated": 0
  },
  {
    "id": "89c602fd-7f69-4a36-914f-b31a9286b2d1",
    "data": [
      {
        "text": "where can i go in ce la vi",
        "userDefined": false
      }
    ],
    "isTemplate": false,
    "count": 0,
    "lang": "en",
    "updated": 0
  },
  {
    "id": "6f860aef-41fb-49dd-9bf2-df3aa71abb59",
    "data": [
      {
        "text": "ce la vi ",
        "userDefined": false
      },
      {
        "text": "spaces",
        "meta": "@sys.place-attraction",
        "alias": "place-attraction",
        "userDefined": true
      }
    ],
    "isTemplate": false,
    "count": 0,
    "lang": "en",
    "updated": 0
  },
  {
    "id": "73d8e2de-bfa8-42f0-8f85-500f45997640",
    "data": [
      {
        "text": "what are the ",
        "userDefined": false
      },
      {
        "text": "facilities",
        "meta": "@sys.place-attraction",
        "alias": "place-attraction",
        "userDefined": true
      },
      {
        "text": " available?",
        "userDefined": false
      }
    ],
    "isTemplate": false,
    "count": 0,
    "lang": "en",
    "updated": 0
  },
  {
    "id": "245335e5-98c4-46cb-9f42-7d151a3d504a",
    "data": [
      {
        "text": "what are the ",
        "userDefined": false
      },
      {
        "text": "areas",
        "meta": "@sys.place-attraction",
        "alias": "place-attraction",
        "userDefined": true
      },
      {
        "text": " available?",
        "userDefined": false
      }
    ],
    "isTemplate": false,
    "count": 0,
    "lang": "en",
    "updated": 0
  }
]