[
  {
    "id": "e4f8ceda-ff82-4133-832d-cfc57ffcd30f",
    "data": [
      {
        "text": "can i see the ",
        "userDefined": false
      },
      {
        "text": "club lounge",
        "meta": "@sys.place-attraction",
        "alias": "place-attraction",
        "userDefined": true
      }
    ],
    "isTemplate": false,
    "count": 0,
    "lang": "en",
    "updated": 0
  },
  {
    "id": "32ea18c3-2a41-4a5d-99f7-ca7a0ff30037",
    "data": [
      {
        "text": "is there a ",
        "userDefined": false
      },
      {
        "text": "club lounge",
        "meta": "@sys.place-attraction",
        "alias": "place-attraction",
        "userDefined": true
      }
    ],
    "isTemplate": false,
    "count": 0,
    "lang": "en",
    "updated": 0
  },
  {
    "id": "435b7cf0-9987-48c2-b276-fa300275f25e",
    "data": [
      {
        "text": "what can i do at ",
        "userDefined": false
      },
      {
        "text": "club lounge",
        "meta": "@sys.place-attraction",
        "alias": "place-attraction",
        "userDefined": true
      }
    ],
    "isTemplate": false,
    "count": 0,
    "lang": "en",
    "updated": 0
  },
  {
    "id": "e2261b11-7033-4abe-b352-92c260d9ad81",
    "data": [
      {
        "text": "club",
        "userDefined": false
      },
      {
        "text": " lounge",
        "userDefined": false
      }
    ],
    "isTemplate": false,
    "count": 0,
    "lang": "en",
    "updated": 0
  }
]