[
  {
    "id": "4e9f8797-4053-4941-bea8-7a1a27135185",
    "data": [
      {
        "text": "What are the general things you can tell me about?",
        "userDefined": false
      }
    ],
    "isTemplate": false,
    "count": 0,
    "lang": "en",
    "updated": 0
  },
  {
    "id": "80168f03-a512-4dd9-9a2b-2a02913ab3d3",
    "data": [
      {
        "text": "i have enquires",
        "userDefined": false
      }
    ],
    "isTemplate": false,
    "count": 0,
    "lang": "en",
    "updated": 0
  },
  {
    "id": "a90b1384-a653-469b-8ce1-3ed2e33824f0",
    "data": [
      {
        "text": "what can i do",
        "userDefined": false
      }
    ],
    "isTemplate": false,
    "count": 0,
    "lang": "en",
    "updated": 0
  },
  {
    "id": "e4a8ff6e-95e0-4394-b6ed-4c5e54a19ed3",
    "data": [
      {
        "text": "i have questions",
        "userDefined": false
      }
    ],
    "isTemplate": false,
    "count": 0,
    "lang": "en",
    "updated": 0
  },
  {
    "id": "10aae87a-a798-4aa9-b065-62b636574dde",
    "data": [
      {
        "text": "most asked questions",
        "userDefined": false
      }
    ],
    "isTemplate": false,
    "count": 0,
    "lang": "en",
    "updated": 0
  },
  {
    "id": "95f6b53b-a7d6-4382-88a7-be768c9a17b6",
    "data": [
      {
        "text": "what can you tell me?",
        "userDefined": false
      }
    ],
    "isTemplate": false,
    "count": 0,
    "lang": "en",
    "updated": 0
  },
  {
    "id": "0a26d549-6751-4fb7-b885-df99178091da",
    "data": [
      {
        "text": "assist me",
        "userDefined": false
      }
    ],
    "isTemplate": false,
    "count": 0,
    "lang": "en",
    "updated": 0
  },
  {
    "id": "4d106908-9b0d-4bad-add6-6e7ca5b7e89e",
    "data": [
      {
        "text": "i need help",
        "userDefined": false
      }
    ],
    "isTemplate": false,
    "count": 0,
    "lang": "en",
    "updated": 0
  },
  {
    "id": "94aa4d5c-e0ef-44f9-a9b1-2eee0ff3372e",
    "data": [
      {
        "text": "How can you help me?",
        "userDefined": false
      }
    ],
    "isTemplate": false,
    "count": 0,
    "lang": "en",
    "updated": 0
  },
  {
    "id": "7f457bc1-fc21-4159-b6e7-892dbb5fa722",
    "data": [
      {
        "text": "Please assist me with my questions",
        "userDefined": false
      }
    ],
    "isTemplate": false,
    "count": 0,
    "lang": "en",
    "updated": 0
  },
  {
    "id": "b5d8364b-aa34-4468-ae0d-a86a80665d1a",
    "data": [
      {
        "text": "I don\u0027t know what to ask",
        "userDefined": false
      }
    ],
    "isTemplate": false,
    "count": 1,
    "lang": "en",
    "updated": 0
  },
  {
    "id": "0d74a34e-2bc7-4898-a069-e561021eba23",
    "data": [
      {
        "text": "frequently asked questions",
        "userDefined": false
      }
    ],
    "isTemplate": false,
    "count": 0,
    "lang": "en",
    "updated": 0
  },
  {
    "id": "3573df86-1bdc-4efd-a534-e78c06bb32cc",
    "data": [
      {
        "text": "faq",
        "userDefined": false
      }
    ],
    "isTemplate": false,
    "count": 0,
    "lang": "en",
    "updated": 0
  },
  {
    "id": "adb0a31a-444b-4520-923e-75f7b2da0ca7",
    "data": [
      {
        "text": "general",
        "userDefined": false
      }
    ],
    "isTemplate": false,
    "count": 0,
    "lang": "en",
    "updated": 0
  }
]