[
  {
    "id": "23e1b832-a7c6-4302-a1c3-b71ab00a5d59",
    "data": [
      {
        "text": "i won\u0027t come again",
        "userDefined": false
      }
    ],
    "isTemplate": false,
    "count": 0,
    "lang": "en",
    "updated": 0
  },
  {
    "id": "3c095704-348b-4bc9-b140-bd1074cd20cf",
    "data": [
      {
        "text": "looking forward to coming again",
        "userDefined": false
      }
    ],
    "isTemplate": false,
    "count": 0,
    "lang": "en",
    "updated": 0
  },
  {
    "id": "3ac6dbae-941f-44ca-a539-a39cdbfe4bfd",
    "data": [
      {
        "text": "the food is good",
        "userDefined": false
      }
    ],
    "isTemplate": false,
    "count": 0,
    "lang": "en",
    "updated": 0
  },
  {
    "id": "6b139d2a-bc78-4f32-a8c2-244e985ae05a",
    "data": [
      {
        "text": "complain",
        "userDefined": false
      }
    ],
    "isTemplate": false,
    "count": 0,
    "lang": "en",
    "updated": 0
  },
  {
    "id": "3ebb8dc2-bd48-4f02-a27d-91baaac7b632",
    "data": [
      {
        "text": "provide a feedback",
        "userDefined": false
      }
    ],
    "isTemplate": false,
    "count": 0,
    "lang": "en",
    "updated": 0
  },
  {
    "id": "3f870e79-07ab-4293-bb91-600b20de1c27",
    "data": [
      {
        "text": "i would like to lodge a complaint",
        "userDefined": false
      }
    ],
    "isTemplate": false,
    "count": 0,
    "lang": "en",
    "updated": 0
  },
  {
    "id": "f6277a60-5091-4dfd-a793-307f3a08a062",
    "data": [
      {
        "text": "i would like to compliment the company",
        "userDefined": false
      }
    ],
    "isTemplate": false,
    "count": 0,
    "lang": "en",
    "updated": 0
  },
  {
    "id": "80260696-bc03-4c9f-a0b8-24e7a6f12917",
    "data": [
      {
        "text": "i would like to appraise the restaurant",
        "userDefined": false
      }
    ],
    "isTemplate": false,
    "count": 0,
    "lang": "en",
    "updated": 0
  },
  {
    "id": "029d0621-3e68-4cbc-b659-b2af3752507a",
    "data": [
      {
        "text": "The service is terrible",
        "userDefined": false
      }
    ],
    "isTemplate": false,
    "count": 0,
    "lang": "en",
    "updated": 0
  },
  {
    "id": "67438f7a-5fb3-4ed4-9e44-1d29f3dca5c1",
    "data": [
      {
        "text": "The food is terrible",
        "userDefined": false
      }
    ],
    "isTemplate": false,
    "count": 0,
    "lang": "en",
    "updated": 0
  },
  {
    "id": "620de595-9293-44f9-ac93-1764c265bc6b",
    "data": [
      {
        "text": "feedback",
        "userDefined": false
      }
    ],
    "isTemplate": false,
    "count": 0,
    "lang": "en",
    "updated": 0
  }
]