[
  {
    "id": "2b4e1e0d-6916-4676-9544-05bc6a7180dc",
    "data": [
      {
        "text": "hotline number",
        "userDefined": false
      }
    ],
    "isTemplate": false,
    "count": 0,
    "lang": "en",
    "updated": 0
  },
  {
    "id": "cc1d1a9b-7103-4a6f-bb78-6c5abc5da1c2",
    "data": [
      {
        "text": "can i get the hotline number",
        "userDefined": false
      }
    ],
    "isTemplate": false,
    "count": 0,
    "lang": "en",
    "updated": 0
  },
  {
    "id": "45ddf25f-c375-4b84-8a47-ec91766b7664",
    "data": [
      {
        "text": "what is your hotline number?",
        "userDefined": false
      }
    ],
    "isTemplate": false,
    "count": 0,
    "lang": "en",
    "updated": 0
  },
  {
    "id": "d2a844ba-f56d-4ed7-9062-d5ee2e0b79f8",
    "data": [
      {
        "text": "Can I have your customer service number?",
        "userDefined": false
      }
    ],
    "isTemplate": false,
    "count": 0,
    "lang": "en",
    "updated": 0
  },
  {
    "id": "2f4b0cf8-1594-4afe-bb72-b324ad8b5cb2",
    "data": [
      {
        "text": "hotline",
        "userDefined": false
      }
    ],
    "isTemplate": false,
    "count": 0,
    "lang": "en",
    "updated": 0
  },
  {
    "id": "14d43bb2-0c39-49f4-a19c-0635ccf8d17f",
    "data": [
      {
        "text": "Contact number",
        "userDefined": false
      }
    ],
    "isTemplate": false,
    "count": 0,
    "lang": "en",
    "updated": 0
  },
  {
    "id": "fa3ab5e3-cdda-47e5-a48c-152df8a46294",
    "data": [
      {
        "text": "Do you have a line I can reach?",
        "userDefined": false
      }
    ],
    "isTemplate": false,
    "count": 0,
    "lang": "en",
    "updated": 0
  },
  {
    "id": "0c7998b2-701a-40f7-8938-12b96aa1ce81",
    "data": [
      {
        "text": "What is the restaurant contact number?",
        "userDefined": false
      }
    ],
    "isTemplate": false,
    "count": 0,
    "lang": "en",
    "updated": 0
  }
]