[
  {
    "id": "8725f126-4fbf-4cd0-970b-7fca1df60051",
    "data": [
      {
        "text": "can i book a table ",
        "userDefined": false
      },
      {
        "text": "tomorrow",
        "meta": "@sys.date",
        "alias": "date",
        "userDefined": true
      },
      {
        "text": " ",
        "userDefined": false
      },
      {
        "text": "11",
        "meta": "@sys.time",
        "alias": "time",
        "userDefined": false
      },
      {
        "text": " in the morning?",
        "userDefined": false
      }
    ],
    "isTemplate": false,
    "count": 0,
    "lang": "en",
    "updated": 0
  },
  {
    "id": "afa5a390-91da-4d1e-b7c0-c7929df71ea1",
    "data": [
      {
        "text": "my name is ",
        "userDefined": false
      },
      {
        "text": "Julius",
        "meta": "@sys.given-name",
        "alias": "name",
        "userDefined": false
      }
    ],
    "isTemplate": false,
    "count": 0,
    "lang": "en",
    "updated": 0
  },
  {
    "id": "297428fd-f5d2-4ca5-8b74-21cc7c48058c",
    "data": [
      {
        "text": "my phone number is ",
        "userDefined": false
      },
      {
        "text": "83083065",
        "meta": "@sys.phone-number",
        "alias": "phonenumber",
        "userDefined": true
      }
    ],
    "isTemplate": false,
    "count": 0,
    "lang": "en",
    "updated": 0
  },
  {
    "id": "b43e5aa3-5901-4beb-8c1f-a6df6c10cd5b",
    "data": [
      {
        "text": "my name is ",
        "userDefined": false
      },
      {
        "text": "John",
        "meta": "@sys.given-name",
        "alias": "name",
        "userDefined": false
      },
      {
        "text": " and my email is ",
        "userDefined": false
      },
      {
        "text": "john@gmail.com",
        "meta": "@sys.email",
        "alias": "email",
        "userDefined": true
      }
    ],
    "isTemplate": false,
    "count": 0,
    "lang": "en",
    "updated": 0
  },
  {
    "id": "f811e714-6220-42df-958c-e9f72dbabb2f",
    "data": [
      {
        "text": "book a table for ",
        "userDefined": false
      },
      {
        "text": "5",
        "meta": "@sys.number",
        "alias": "guests",
        "userDefined": false
      },
      {
        "text": " ",
        "userDefined": false
      },
      {
        "text": "tonight",
        "meta": "@sys.date",
        "alias": "date",
        "userDefined": true
      },
      {
        "text": " at ",
        "userDefined": false
      },
      {
        "text": "8pm",
        "userDefined": true
      }
    ],
    "isTemplate": false,
    "count": 0,
    "lang": "en",
    "updated": 0
  },
  {
    "id": "7d2c0cdb-b74e-4f65-be97-d19bc12c3e81",
    "data": [
      {
        "text": "reserve a table for ",
        "userDefined": false
      },
      {
        "text": "5",
        "meta": "@sys.number",
        "alias": "guests",
        "userDefined": false
      },
      {
        "text": " guests ",
        "userDefined": false
      },
      {
        "text": "tomorrow",
        "meta": "@sys.date",
        "alias": "date",
        "userDefined": true
      }
    ],
    "isTemplate": false,
    "count": 0,
    "lang": "en",
    "updated": 0
  },
  {
    "id": "fed2216a-1774-4783-94d3-7e0f1d9eda18",
    "data": [
      {
        "text": "make reservations for ",
        "userDefined": false
      },
      {
        "text": "6pm",
        "meta": "@sys.time",
        "alias": "time",
        "userDefined": true
      }
    ],
    "isTemplate": false,
    "count": 0,
    "lang": "en",
    "updated": 0
  },
  {
    "id": "0f90ee94-1ac4-4de4-beb8-85be876b4285",
    "data": [
      {
        "text": "book a table ",
        "userDefined": false
      },
      {
        "text": "tonight",
        "userDefined": false
      }
    ],
    "isTemplate": false,
    "count": 0,
    "lang": "en",
    "updated": 0
  },
  {
    "id": "5fd598b0-6ce6-4fc2-a040-a11e40b8b5d4",
    "data": [
      {
        "text": "book a table for ",
        "userDefined": false
      },
      {
        "text": "3",
        "meta": "@sys.number",
        "alias": "guests",
        "userDefined": false
      }
    ],
    "isTemplate": false,
    "count": 0,
    "lang": "en",
    "updated": 0
  },
  {
    "id": "8d9ae988-6e72-42d2-81bb-86d3b28f7bae",
    "data": [
      {
        "text": "make reservation for ",
        "userDefined": false
      },
      {
        "text": "5",
        "meta": "@sys.number",
        "alias": "guests",
        "userDefined": false
      }
    ],
    "isTemplate": false,
    "count": 0,
    "lang": "en",
    "updated": 0
  },
  {
    "id": "7caa679e-f9b7-4dae-9916-33830b8be404",
    "data": [
      {
        "text": "may i book a table",
        "userDefined": false
      }
    ],
    "isTemplate": false,
    "count": 0,
    "lang": "en",
    "updated": 0
  },
  {
    "id": "c38e14b1-bf01-4c89-bbaf-2e214e394406",
    "data": [
      {
        "text": "book table",
        "userDefined": false
      }
    ],
    "isTemplate": false,
    "count": 0,
    "lang": "en",
    "updated": 0
  },
  {
    "id": "1489fe94-8fc8-458c-a07f-3aa06511d8c5",
    "data": [
      {
        "text": "reservation",
        "userDefined": false
      }
    ],
    "isTemplate": false,
    "count": 0,
    "lang": "en",
    "updated": 0
  },
  {
    "id": "aab730b5-f439-4738-b76b-50165d8018ff",
    "data": [
      {
        "text": "may i make a reservation please",
        "userDefined": false
      }
    ],
    "isTemplate": false,
    "count": 0,
    "lang": "en",
    "updated": 0
  },
  {
    "id": "c64f0081-06cd-4729-955d-188c31f71ab7",
    "data": [
      {
        "text": "reservations",
        "userDefined": false
      }
    ],
    "isTemplate": false,
    "count": 0,
    "lang": "en",
    "updated": 0
  },
  {
    "id": "be985bec-5fd7-4db1-b186-1aa7eaeb406e",
    "data": [
      {
        "text": "make reservations",
        "userDefined": false
      }
    ],
    "isTemplate": false,
    "count": 0,
    "lang": "en",
    "updated": 0
  },
  {
    "id": "8e92b692-2758-4fb8-9918-61e30cea7fca",
    "data": [
      {
        "text": "book a table",
        "userDefined": false
      }
    ],
    "isTemplate": false,
    "count": 0,
    "lang": "en",
    "updated": 0
  },
  {
    "id": "c9921651-a3c3-49ab-8bce-ad4eea33746f",
    "data": [
      {
        "text": "make a reservation",
        "userDefined": false
      }
    ],
    "isTemplate": false,
    "count": 0,
    "lang": "en",
    "updated": 0
  },
  {
    "id": "0b771e3b-9d56-4baf-9c4e-8d1851401f2a",
    "data": [
      {
        "text": "2",
        "meta": "@sys.number",
        "alias": "guests",
        "userDefined": false
      }
    ],
    "isTemplate": false,
    "count": 0,
    "lang": "en",
    "updated": 0
  },
  {
    "id": "2edf1e0c-31b7-4d10-8122-d336bc7fbfbd",
    "data": [
      {
        "text": "2pm",
        "meta": "@sys.time",
        "alias": "time",
        "userDefined": false
      }
    ],
    "isTemplate": false,
    "count": 0,
    "lang": "en",
    "updated": 0
  },
  {
    "id": "f02d38b1-3565-480f-8a38-d6160f8c4cb7",
    "data": [
      {
        "text": "12/",
        "userDefined": false
      },
      {
        "text": "12",
        "userDefined": false
      },
      {
        "text": "/",
        "userDefined": false
      },
      {
        "text": "2023",
        "meta": "@sys.time",
        "alias": "time",
        "userDefined": false
      }
    ],
    "isTemplate": false,
    "count": 0,
    "lang": "en",
    "updated": 0
  }
]