[
  {
    "id": "3d75398c-617b-4548-9f70-5308b9ca86cc",
    "data": [
      {
        "text": "menu please",
        "userDefined": false
      }
    ],
    "isTemplate": false,
    "count": 0,
    "lang": "en",
    "updated": 0
  },
  {
    "id": "e48f4e8a-ca18-4b5d-8579-f4fa0ed5aa5b",
    "data": [
      {
        "text": "can i see the menu",
        "userDefined": false
      }
    ],
    "isTemplate": false,
    "count": 0,
    "lang": "en",
    "updated": 0
  },
  {
    "id": "b378538e-85bf-4028-8343-2fa4eccae463",
    "data": [
      {
        "text": "show me the menu",
        "userDefined": false
      }
    ],
    "isTemplate": false,
    "count": 0,
    "lang": "en",
    "updated": 0
  },
  {
    "id": "cfe43140-5bf9-418d-ad36-afbd736fb250",
    "data": [
      {
        "text": "menu",
        "userDefined": false
      }
    ],
    "isTemplate": false,
    "count": 0,
    "lang": "en",
    "updated": 0
  },
  {
    "id": "3f2ce7ce-e47f-4d49-84c7-f2d02b78a3b3",
    "data": [
      {
        "text": "food",
        "userDefined": false
      }
    ],
    "isTemplate": false,
    "count": 0,
    "lang": "en",
    "updated": 0
  },
  {
    "id": "fde13660-4e77-4bbc-be58-ad0c1d508c4c",
    "data": [
      {
        "text": "what is good food",
        "userDefined": false
      }
    ],
    "isTemplate": false,
    "count": 0,
    "lang": "en",
    "updated": 0
  },
  {
    "id": "b6fe52fa-4042-4e96-8140-eb7585a8745c",
    "data": [
      {
        "text": "what do you serve",
        "userDefined": false
      }
    ],
    "isTemplate": false,
    "count": 0,
    "lang": "en",
    "updated": 0
  },
  {
    "id": "e3d07424-4b2f-4295-9e21-db482f1cb5bb",
    "data": [
      {
        "text": "what is on the menu",
        "userDefined": false
      }
    ],
    "isTemplate": false,
    "count": 0,
    "lang": "en",
    "updated": 0
  },
  {
    "id": "912b8686-7ac8-495e-83f9-5281abbbb6c7",
    "data": [
      {
        "text": "i would like to see the menu",
        "userDefined": false
      }
    ],
    "isTemplate": false,
    "count": 0,
    "lang": "en",
    "updated": 0
  }
]