[
  {
    "id": "1dec0d9d-ed8c-4469-9940-cd3423bf8865",
    "data": [
      {
        "text": "do you open at ",
        "userDefined": false
      },
      {
        "text": "weekend",
        "userDefined": false
      },
      {
        "text": "?",
        "userDefined": false
      }
    ],
    "isTemplate": false,
    "count": 0,
    "lang": "en",
    "updated": 0
  },
  {
    "id": "f7ef02d7-eeb1-4be2-aded-acceb1717ba8",
    "data": [
      {
        "text": "what is your operating hours?",
        "userDefined": false
      }
    ],
    "isTemplate": false,
    "count": 0,
    "lang": "en",
    "updated": 0
  },
  {
    "id": "29c74f98-85a8-4509-9d83-2fa5a571c94f",
    "data": [
      {
        "text": "what is the last order",
        "userDefined": false
      }
    ],
    "isTemplate": false,
    "count": 0,
    "lang": "en",
    "updated": 0
  },
  {
    "id": "50a30f77-4372-4a2e-853e-4c8ba2966691",
    "data": [
      {
        "text": "what time does the restaurant close?",
        "userDefined": false
      }
    ],
    "isTemplate": false,
    "count": 0,
    "lang": "en",
    "updated": 0
  },
  {
    "id": "30c01a5e-6407-49a7-aed0-07370cbe056a",
    "data": [
      {
        "text": "what time are you open till?",
        "userDefined": false
      }
    ],
    "isTemplate": false,
    "count": 0,
    "lang": "en",
    "updated": 0
  },
  {
    "id": "527c4e6c-02a8-466c-ade5-e7f66bf65c1e",
    "data": [
      {
        "text": "hours",
        "userDefined": false
      }
    ],
    "isTemplate": false,
    "count": 0,
    "lang": "en",
    "updated": 0
  },
  {
    "id": "f68666b8-556f-4e4d-8607-6018f05a0080",
    "data": [
      {
        "text": "opening hours",
        "userDefined": false
      }
    ],
    "isTemplate": false,
    "count": 0,
    "lang": "en",
    "updated": 0
  },
  {
    "id": "ae0f8982-d328-48a0-8d0c-0eceb02c9577",
    "data": [
      {
        "text": "what is the opening hours?",
        "userDefined": false
      }
    ],
    "isTemplate": false,
    "count": 0,
    "lang": "en",
    "updated": 0
  },
  {
    "id": "4e15c745-a37f-4bd3-8f49-7cf0802890a9",
    "data": [
      {
        "text": "may i know the operating hours?",
        "userDefined": false
      }
    ],
    "isTemplate": false,
    "count": 0,
    "lang": "en",
    "updated": 0
  }
]