[
  {
    "id": "45c782fd-d251-43d4-a528-e71ae79e758d",
    "data": [
      {
        "text": "may i get any suggestions?",
        "userDefined": false
      }
    ],
    "isTemplate": false,
    "count": 0,
    "lang": "en",
    "updated": 0
  },
  {
    "id": "82f921d4-161a-430a-996c-58026cfe4012",
    "data": [
      {
        "text": "suggestions",
        "userDefined": false
      }
    ],
    "isTemplate": false,
    "count": 0,
    "lang": "en",
    "updated": 0
  },
  {
    "id": "2bb2a18e-34e9-4631-ac1a-0e38da9ef46a",
    "data": [
      {
        "text": "random",
        "userDefined": false
      }
    ],
    "isTemplate": false,
    "count": 0,
    "lang": "en",
    "updated": 0
  },
  {
    "id": "a18ca835-7531-4eb9-aa38-a28dafd62278",
    "data": [
      {
        "text": "any deals?",
        "userDefined": false
      }
    ],
    "isTemplate": false,
    "count": 0,
    "lang": "en",
    "updated": 0
  },
  {
    "id": "85e42196-d015-45a1-bd68-d1245600cef1",
    "data": [
      {
        "text": "any available promotions?",
        "userDefined": false
      }
    ],
    "isTemplate": false,
    "count": 0,
    "lang": "en",
    "updated": 0
  },
  {
    "id": "3a89f281-17eb-4643-9d73-61a23a89441f",
    "data": [
      {
        "text": "do you have any promotions?",
        "userDefined": false
      }
    ],
    "isTemplate": false,
    "count": 0,
    "lang": "en",
    "updated": 0
  },
  {
    "id": "96e00528-e340-4eb2-a018-174ee8b9d042",
    "data": [
      {
        "text": "specials",
        "userDefined": false
      }
    ],
    "isTemplate": false,
    "count": 0,
    "lang": "en",
    "updated": 0
  },
  {
    "id": "238723c1-96f4-4fe5-a7ce-aba6627c2765",
    "data": [
      {
        "text": "promotions",
        "userDefined": false
      }
    ],
    "isTemplate": false,
    "count": 0,
    "lang": "en",
    "updated": 0
  },
  {
    "id": "56719c72-2095-4025-8094-d340138308a4",
    "data": [
      {
        "text": "are there any promotions?",
        "userDefined": false
      }
    ],
    "isTemplate": false,
    "count": 0,
    "lang": "en",
    "updated": 0
  }
]